no,luas_bangunan,luas_tanah,kamar_tidur,kamar_mandi,lantai,lokasi,price,title
2,126.0,125.0,3.0,3.0,1.0,Sleman Kab.,2375000000,Perumahan Baru Dalam Ring Road Maguwo Bukan Hyarta - Dijual: Rumah & Apartemen - 921245687
3,150.0,120.0,4.0,3.0,2.0,Sleman Kab.,2145000000,Cluster Mewah 2 Lantai Arkadia Townhouse Maguwo - Dijual: Rumah & Apartemen - 921706074
4,140.0,160.0,3.0,2.0,1.0,Sleman Kab.,960000000,dijual tanah bonus rumah pinggir jalan raya hook dkt plaza Ambarukmo - Dijual: Rumah & Apartemen - 906277324
5,135.0,168.0,4.0,2.0,2.0,Sleman Kab.,1650000000,Rumah Siap Huni 4 Kamar Halaman Luas - Dijual: Rumah & Apartemen - 921804429
7,70.0,79.0,3.0,2.0,1.0,Yogyakarta Kota,808000000,Rumah 2 Lantai Dijual 3 Menit Dari Jalan Wonosari Sekarsuli SHM - Dijual: Rumah & Apartemen - 921802388
8,185.0,126.0,4.0,3.0,2.0,Sleman Kab.,1550000000,Rumah Strategis Akses Mudah di Condongcatur - Dijual: Rumah & Apartemen - 919707377
9,120.0,124.0,3.0,1.0,1.0,Yogyakarta Kota,875000000,JUAL MURAH RUMAH DI WIROSABAN KOTA JOGJA - Dijual: Rumah & Apartemen - 921800398
10,203.0,149.0,4.0,3.0,2.0,Yogyakarta Kota,1300000000,"Rumah Mewah Jl.Solo Dekat Babarsari, Seturan, UPN, Ringroad Utara - Dijual: Rumah & Apartemen - 921799192"
11,83.0,139.0,2.0,2.0,2.0,Yogyakarta Kota,1300000000,"Rumah Mewah Jl Nitikan Dekat Jl Tamansiswa, Jl Veteran Jogja - Dijual: Rumah & Apartemen - 921799162"
12,213.0,246.0,5.0,1.0,1.0,Yogyakarta Kota,1900000000,"Rumah Wirobrajan, Dekat Malioboro, Cokroaminoto, SMAN 1 Jogja - Dijual: Rumah & Apartemen - 921799143"
13,170.0,250.0,9.0,8.0,1.0,Yogyakarta Kota,2400000000,JUAL KOST AREA TIMOHO KOTA JOGJAKARTA - Dijual: Rumah & Apartemen - 921799109
14,350.0,222.0,5.0,4.0,2.0,Yogyakarta Kota,2250000000,"Rumah Perwita Regency Dekat Jl. Parangtritis, Ringroad Selatan, ISI - Dijual: Rumah & Apartemen - 921799093"
15,252.0,149.0,6.0,6.0,2.0,Yogyakarta Kota,2800000000,"Rumah Tegalrejo Dekat Jl Hos Cokroaminoto, Jl Godean, Alun-alun - Dijual: Rumah & Apartemen - 921799075"
16,80.0,233.0,3.0,2.0,2.0,Yogyakarta Kota,2800000000,"Perumahan Mewah Green Hills Dekat Jl Kaliurang, Jl Lempongsari - Dijual: Rumah & Apartemen - 921799056"
17,200.0,582.0,2.0,2.0,1.0,Yogyakarta Kota,3750000000,Rumah Luas Dekat Malioboro 600 Meter Kodya - Dijual: Rumah & Apartemen - 920700411
21,202.0,398.0,6.0,3.0,1.0,Yogyakarta Kota,2500000000,Rumah Nagan Dekat Beteng Kraton Dekat Alun-alun Jogja - Dijual: Rumah & Apartemen - 921799012
22,90.0,170.0,3.0,3.0,1.0,Sleman Kab.,1600000000,Rumah Nyaman dan Luas di Perumahan Casa Bella - Dijual: Rumah & Apartemen - 902624987
23,64.0,32.0,2.0,1.0,1.0,Yogyakarta Kota,375000000,RUMAH CANTIK MINIMALIS 2 LANTAI AREA REJOWINANGUN KOTAGEDE KODYA - Dijual: Rumah & Apartemen - 921797656
24,86.0,148.0,3.0,1.0,1.0,Sleman Kab.,675000000,RUMAH MURAH CANTIK MINIMALIS SIAP HUNI AREA TAJEM MAGUWOHARJO - Dijual: Rumah & Apartemen - 921797273
25,62.0,100.0,2.0,1.0,1.0,Yogyakarta Kota,1200000000,Rumah Dijual di pusat kota Jogja - Dijual: Rumah & Apartemen - 921796520
28,180.0,90.0,3.0,2.0,2.0,Yogyakarta Kota,850000000,Rumah Strategis 2 Lantai Di Utara XT Square Umbulharjo Yogyakarta - Dijual: Rumah & Apartemen - 921794486
30,80.0,110.0,3.0,2.0,1.0,Sleman Kab.,774000000,Rumah Mewah dalam perumahan di Purwomartani - Dijual: Rumah & Apartemen - 921794171
32,225.0,135.0,7.0,4.0,1.0,Sleman Kab.,3250000000,Rumah Murah 3 Lantai Cocok Untuk Homestay Dan Kost Lokasi Dkt Ugm Uny - Dijual: Rumah & Apartemen - 917814068
34,100.0,250.0,2.0,2.0,2.0,Yogyakarta Kota,2750000000,Private villa with pool di daerah cocok.. Berkembang - Dijual: Rumah & Apartemen - 895568881
35,24.0,26.0,1.0,1.0,7.0,Sleman Kab.,345000000,Jual BU Apartemen Full Furnish - Dijual: Rumah & Apartemen - 920984667
37,30.0,90.0,2.0,1.0,1.0,Yogyakarta Kota,180000000,Perumahan Murah Berkualitas Bisa KPR Tampingan Magelang - Dijual: Rumah & Apartemen - 917813986
49,250.0,487.0,9.0,8.0,1.0,Sleman Kab.,3700000000,Di jual Rumah induk dan kos kosan di jalan utama - Dijual: Rumah & Apartemen - 917868630
50,620.0,838.0,10.0,9.0,1.0,Yogyakarta Kota,10000000000,"Rumah Homestay SHM di Mantrijeron dkt Malioboro,Kraton - Dijual: Rumah & Apartemen - 921135120"
51,1100.0,587.0,5.0,10.0,4.0,Yogyakarta Kota,19500000000,Cocok untuk SHOWROOM BAKPIA PATHUK DI NGAMPILAN - Dijual: Rumah & Apartemen - 921553556
52,500.0,339.0,10.0,9.0,1.0,Sleman Kab.,5798000000,RUMAH DISETURAN JUAL SEISINYA - Dijual: Rumah & Apartemen - 919274355
56,46.0,76.0,2.0,1.0,1.0,Yogyakarta Kota,449000000,Rumah Murah dekat Jl imogiri Barat 15 menit ke Kota jogja - Dijual: Rumah & Apartemen - 921786945
57,92.0,108.0,3.0,2.0,1.0,Sleman Kab.,890000000,Rumah Desain Mewah 10 menit ke Maguwoharjo - Dijual: Rumah & Apartemen - 921786824
58,49.0,86.0,3.0,1.0,1.0,Sleman Kab.,465000000,Rumah Murah 400jutaan 15 menit ke Ambarukmo Plaza - Dijual: Rumah & Apartemen - 921786663
59,50.0,80.0,2.0,1.0,1.0,Yogyakarta Kota,569000000,"dijual rumah baru, strategis dimantrijeron. mobil masuk - Dijual: Rumah & Apartemen - 913414536"
60,70.0,115.0,2.0,2.0,1.0,Yogyakarta Kota,525000000,"Rumah strategis di Kenten Hill, jalan Sukarejo, 8 ilir, kota Palembang - Dijual: Rumah & Apartemen - 913460315"
61,200.0,198.0,3.0,2.0,2.0,Yogyakarta Kota,4250000000,Jual Ruko / Tempat Usaha Jalan Mentri Supeno Yogyakarta - Dijual: Rumah & Apartemen - 921786414
62,220.0,208.0,5.0,4.0,1.0,Yogyakarta Kota,2900000000,Rumah Barat Malioboro Yogyakarta - Dijual: Rumah & Apartemen - 913416149
63,140.0,275.0,6.0,3.0,1.0,Yogyakarta Kota,2300000000,Rumah Tengah Kota Yogyakarta - Dijual: Rumah & Apartemen - 913414007
64,115.0,116.0,3.0,2.0,1.0,Sleman Kab.,1850000000,"Dekat Stadion Maguwoharjo, Rumah Baru Dijual, Mewah Full Furnished - Dijual: Rumah & Apartemen - 921525533"
65,150.0,239.0,4.0,2.0,1.0,Sleman Kab.,1890000000,TANAH & RUMAH DEMANGAN BARU - Dijual: Rumah & Apartemen - 913664648
67,120.0,137.0,3.0,2.0,2.0,Sleman Kab.,1950000000,"Rumah Pondok Permai Blok O Jalan Maguwo, Perumahan Elite Fasum Lengkap - Dijual: Rumah & Apartemen - 918926270"
68,45.0,88.0,2.0,1.0,1.0,Yogyakarta Kota,378000000,Dijual Rumah SHM Pribadi 5 Menit Dari UMY Akses Lancar - Dijual: Rumah & Apartemen - 919666769
69,185.0,165.0,5.0,5.0,1.0,Yogyakarta Kota,2670000000,"Perumahan Mewah Jogja, Dekat Kampus ISI, Angsuran Mulai 8 JUTAAN SAJA! - Dijual: Rumah & Apartemen - 915620683"
70,150.0,120.0,4.0,4.0,1.0,Yogyakarta Kota,2032000000,"Hunian Mewah Laguna Spring, Dekat Pusat Kota Jogja, DP Mulai 100 JTan - Dijual: Rumah & Apartemen - 915620509"
71,45.0,92.0,2.0,1.0,1.0,Yogyakarta Kota,382000000,Jual Cepat Rumah 1 Lantai Akses Mobil Papasan Free Balik Nama - Dijual: Rumah & Apartemen - 919666668
72,40.0,84.0,2.0,1.0,1.0,Yogyakarta Kota,631400000,Rumah Cluster di Jogja - Dijual: Rumah & Apartemen - 917784018
73,40.0,89.0,2.0,1.0,1.0,Yogyakarta Kota,650900000,Jual Cluster Rumah Mewah di Godean Jogja - Dijual: Rumah & Apartemen - 917783383
74,40.0,79.0,3.0,2.0,1.0,Yogyakarta Kota,591900000,Cluster Rumah 2 Lantai Dijual di Gamping Sleman - Dijual: Rumah & Apartemen - 917781701
75,40.0,81.0,3.0,2.0,1.0,Yogyakarta Kota,600900000,Jual Cluster Rumah Bonus Umroh Selatan Kampus Umy - Dijual: Rumah & Apartemen - 917781255
76,75.0,81.0,3.0,2.0,1.0,Yogyakarta Kota,768300000,Jual Cluster Rumah dekat Kampus Umy Jogja - Dijual: Rumah & Apartemen - 917780828
77,75.0,76.0,3.0,2.0,1.0,Yogyakarta Kota,773700000,Dijual Cluster Rumah Mewah Dekat Malioboro Jogja - Dijual: Rumah & Apartemen - 917780312
78,75.0,84.0,3.0,2.0,1.0,Yogyakarta Kota,818800000,Cluster Rumah Mewah Dijual di Sleman Jogja - Dijual: Rumah & Apartemen - 917779477
80,154.0,135.0,4.0,2.0,2.0,Yogyakarta Kota,1500000000,Di Jual Rumah Tinggal - Dijual: Rumah & Apartemen - 921721288
81,307.0,403.0,6.0,6.0,2.0,Yogyakarta Kota,3900000000,DIJUAL HOMESTAY & GUEST HOUSE FULL FURNISHED - Dijual: Rumah & Apartemen - 917037593
83,75.0,89.0,3.0,2.0,1.0,Yogyakarta Kota,812700000,Cluster Rumah Dijual di Jogja Dekat Rs Pku Muhammadiyah - Dijual: Rumah & Apartemen - 917779167
84,75.0,79.0,3.0,2.0,1.0,Yogyakarta Kota,782700000,Dijual Perumahan 2 Lantai di Jogja Dekat Malioboro - Dijual: Rumah & Apartemen - 917778551
85,75.0,81.0,3.0,2.0,1.0,Yogyakarta Kota,788300000,Perumahan 2 Lantai Dijual di Jogjakarta - Dijual: Rumah & Apartemen - 917778015
87,650.0,500.0,5.0,7.0,1.0,Yogyakarta Kota,10000000000,"Villa strategis dijual di tengah kota Yogyakarta, Full Furnished - Dijual: Rumah & Apartemen - 915115130"
88,45.0,82.0,2.0,1.0,1.0,Yogyakarta Kota,383000000,Cluster Minimalis Free Balik Nama Lokasi Strategis Dekat Ringroad UMY - Dijual: Rumah & Apartemen - 919656880
89,45.0,80.0,2.0,1.0,1.0,Yogyakarta Kota,378500000,Rumah dlm Cluster Gaya Modern Legalitas SHM Dekat UMY - Dijual: Rumah & Apartemen - 919656670
90,138.0,101.0,3.0,3.0,2.0,Sleman Kab.,1900080909,"RUMAH MEWAH CLUSTER DEKAT JOMBOR,CEBONGAN,JALAN MAGELANG - Dijual: Rumah & Apartemen - 921785334"
91,55.0,125.0,2.0,2.0,1.0,Yogyakarta Kota,1000000000,"Rumah Siap Bangun, Jogja Kota, Dalam Ringroad Jl. Bantul - Dijual: Rumah & Apartemen - 914906785"
92,1101.0,103.0,4.0,2.0,2.0,Sleman Kab.,1475000000,"Rumah cluster di maguwoharjo dekat jogjabay,condongcatur tajem - Dijual: Rumah & Apartemen - 921785137"
95,22.0,0.0,1.0,1.0,8.0,Sleman Kab.,575000000,DIJUAL STUDIO APARTEMEN TAMAN MELATI UGM - Dijual: Rumah & Apartemen - 916509945
97,200.0,250.0,5.0,4.0,1.0,Yogyakarta Kota,3250000000,Rumah Mewah 2 Lantai Tanah Luas Siap Bangun Di Mantrijeron Jogja - Dijual: Rumah & Apartemen - 920045613
98,160.0,110.0,3.0,2.0,1.0,Sleman Kab.,1100000000,DIJUAL RUMAH MODERN DEKAT HOTEL SHERATON MAGUWOHARJO MENANTI ANDA - Dijual: Rumah & Apartemen - 921780631
100,47.0,86.0,2.0,1.0,1.0,Yogyakarta Kota,675115000,Dijual Sisa 2 Kavling Terakhir Rumah di Potorono Banguntapan KPR SHM - Dijual: Rumah & Apartemen - 921780523
102,160.0,118.0,4.0,3.0,2.0,Sleman Kab.,1780000000,Rumah Baru di Maguwoharjo Dalam Ring Road Dekat Kampus UPN - Dijual: Rumah & Apartemen - 916609420
103,70.0,85.0,3.0,2.0,1.0,Yogyakarta Kota,890000000,Perumahan 2 Lantai Murah di Jalan Pleret Banguntapan 15Mnt ke Giwangan - Dijual: Rumah & Apartemen - 919657409
105,140.0,120.0,3.0,3.0,2.0,Yogyakarta Kota,1850000000,Rumah modern 2lt daerah Taman Siswa Tengah kota jogja - Dijual: Rumah & Apartemen - 921772065
107,135.0,200.0,4.0,3.0,1.0,Sleman Kab.,1650000000,"Rumah Mewah Tajem Maguwo, Dekat Lotte Mart Jogja - Dijual: Rumah & Apartemen - 919666267"
108,500.0,400.0,9.0,6.0,1.0,Yogyakarta Kota,7000000000,Dijual cepat Rumah mewah luxury luas di pusat kota jogja - Dijual: Rumah & Apartemen - 915045338
109,500.0,364.0,8.0,5.0,1.0,Sleman Kab.,8499000000,"Rumah Klasik Strategis Kawasan Elite Demangan Baru Dekat UGM, AMPLAZ - Dijual: Rumah & Apartemen - 920369219"
111,154.0,132.0,4.0,2.0,2.0,Yogyakarta Kota,1500000000,Di Jual Rumah Tinggal - Dijual: Rumah & Apartemen - 921491250
113,700.0,800.0,6.0,6.0,1.0,Sleman Kab.,15000000000,Rumah Mewah Super Istimewa dekat banyak kampus & hotel di Seturan - Dijual: Rumah & Apartemen - 915186024
114,300.0,535.0,3.0,3.0,1.0,Yogyakarta Kota,2700000000,Rumah Homestay Minimalis Tanah Luas dekat Malioboro dan kraton Jogja - Dijual: Rumah & Apartemen - 915186231
115,208.0,230.0,5.0,4.0,1.0,Sleman Kab.,4200000000,Dijual cepat Rumah mewah Luxury dalam PERUMAHAN ELITE VASANA RESIDENCE - Dijual: Rumah & Apartemen - 915045123
116,350.0,722.0,4.0,3.0,1.0,Yogyakarta Kota,6500000000,Dijual rumah kolonial Belanda murah pinggir jalan utama kota Jogja - Dijual: Rumah & Apartemen - 915449899
119,200.0,286.0,4.0,4.0,1.0,Yogyakarta Kota,6500000000,Rumah Baru Mewah Kolam Renang Tengah Kota Kawasan Komplek Elite Baciro - Dijual: Rumah & Apartemen - 915596150
122,100.0,139.0,3.0,3.0,2.0,Sleman Kab.,2100000000,Rumah Mewah Minimalis Modern Dekat UGM - Dijual: Rumah & Apartemen - 921766080
123,114.0,148.0,3.0,2.0,1.0,Yogyakarta Kota,1000000000,Rumah Dijual Dkt RS Wirosaban Kota Jogja.STRATEGIS KOTA MURAH - Dijual: Rumah & Apartemen - 921765669
125,22.0,400.0,1.0,1.0,7.0,Sleman Kab.,425000000,Dijual apartment dekat kampus type studio Student Castle - Dijual: Rumah & Apartemen - 917077909
126,131.0,178.0,3.0,3.0,1.0,Sleman Kab.,1350000000,Rumah Tanah Luas Siap Huni Maguwo Sleman - Dijual: Rumah & Apartemen - 921422879
128,260.0,200.0,6.0,5.0,2.0,Yogyakarta Kota,4200000000,"Perumahan Bale Mulia Jl Magelang Dekat Al-Azhar, UTY, UGM - Dijual: Rumah & Apartemen - 921764879"
129,350.0,252.0,7.0,4.0,2.0,Yogyakarta Kota,4800000000,"Rumah Bale Mulia Dekat Jl Magelang Km 6, UGM, UTY, JCM - Dijual: Rumah & Apartemen - 921764791"
130,100.0,139.0,3.0,3.0,1.0,Sleman Kab.,2100000000,"Rumah Mewah Kontemporer dekat UGM, Al azhar di Jalan Kaliurang KM 7 - Dijual: Rumah & Apartemen - 921764784"
131,103.0,125.0,3.0,3.0,1.0,Sleman Kab.,1700000000,"Dijual Rumah Baru Full Furnished di Sleman, Dekat Stadiun Maguwoharjo - Dijual: Rumah & Apartemen - 921763747"
133,100.0,102.0,2.0,2.0,1.0,Yogyakarta Kota,750000000,Rumah Murah Area Bener Tegalrejo Kota Yogyakarta - Dijual: Rumah & Apartemen - 921762953
134,36.0,60.0,2.0,1.0,1.0,Sleman Kab.,350000000,rumah scandinavian tepi jalan raya cocok untuk villa - Dijual: Rumah & Apartemen - 921762356
136,70.0,72.0,2.0,2.0,1.0,Yogyakarta Kota,385000000,Rumah Murah Area Timoho Umbulharjo Kota Yogyakarta - Dijual: Rumah & Apartemen - 921761645
137,400.0,527.0,10.0,10.0,1.0,Sleman Kab.,2750000000,rumah kost murah 21 kamar tidur maguwoharjo 50m dari kampus - Dijual: Rumah & Apartemen - 921761206
138,115.0,100.0,4.0,3.0,1.0,Sleman Kab.,2299000000,HUNIAN ESKLUSIF DITENGAH KOTA YOGYAKARTA DENGAN FASILITAS LENGKAP - Dijual: Rumah & Apartemen - 919002485
139,165.0,120.0,4.0,3.0,2.0,Sleman Kab.,1680000000,Rumah Dekat UPN Dalam Ring Road Maguwo - Dijual: Rumah & Apartemen - 920831115
140,45.0,83.0,2.0,1.0,,Sleman Kab.,794000000,Perumahan Istimewa : 794 Jt - 4M Sumber Baru Land - Dijual: Rumah & Apartemen - 918974499
141,190.0,150.0,4.0,5.0,1.0,Sleman Kab.,2400000000,Rumah Baru Mewah Modern 2 Lantai Full Furnish Di Maguwoharjo Sleman - Dijual: Rumah & Apartemen - 919772143
142,100.0,139.0,3.0,3.0,2.0,Sleman Kab.,2100000000,Rumah Modern Kontemporer dekat Jalan Kaliurang Km 7 - Dijual: Rumah & Apartemen - 915929443
143,318.0,157.0,10.0,9.0,1.0,Sleman Kab.,4000000000,"Kost kos Eksklusif Babarsari Dekat Atmajaya,YKPN seturan,UPN,UGM,UII - Dijual: Rumah & Apartemen - 916962587"
147,171.0,146.0,3.0,3.0,2.0,Sleman Kab.,2490000000,JUAL RUMAH MEWAH 2 LANTAI SIAP HUNI DENGAN FURNITUR LENGKAP DI DEPOK - Dijual: Rumah & Apartemen - 921759610
148,125.0,139.0,3.0,3.0,2.0,Sleman Kab.,2200000000,"DIJUAL RUMAH PREMIUM DEKAT UGM, HARGA BERSAHABAT DI DEPOK, SLEMAN - Dijual: Rumah & Apartemen - 921759550"
151,150.0,138.0,4.0,2.0,1.0,Yogyakarta Kota,1450000000,"DEKAT Pintu Tol Gamping Barat Kampus UMY, Dijual RUMAH FULL FURNISHED - Dijual: Rumah & Apartemen - 921758801"
152,160.0,119.0,4.0,3.0,2.0,Sleman Kab.,1690000000,"RUMAH MEWAH SIAP HUNI DIJUAL DEKAT RS JIH MAGUWOHARJO, SLEMAN - Dijual: Rumah & Apartemen - 921758589"
153,188.0,128.0,3.0,3.0,2.0,Sleman Kab.,1950000000,"DIJUAL RUMAH 2 LANTAI FULL FURNISHED DI CONDONGCATUR, SLEMAN - Dijual: Rumah & Apartemen - 921758500"
155,120.0,162.0,3.0,2.0,1.0,Yogyakarta Kota,1250000000,Rumah Dalam Perumahan Kota Jogja Kodya - Dijual: Rumah & Apartemen - 920680486
159,59.0,101.0,3.0,1.0,1.0,Sleman Kab.,549000000,Rumah dalam perumahan 10 menit ke Bandara Adisucipto - Dijual: Rumah & Apartemen - 921758058
161,59.0,104.0,2.0,2.0,1.0,Yogyakarta Kota,450000000,Rumah dalam perumahan 7 menit ke Umy - Dijual: Rumah & Apartemen - 921757810
162,45.0,92.0,1.0,1.0,1.0,Yogyakarta Kota,422000011,Dijual Murah Rumah Baru Dekat Ringroad Selatan Include Balik Nama - Dijual: Rumah & Apartemen - 921757426
163,24.0,26.0,1.0,1.0,1.0,Sleman Kab.,465000000,APARTMENT DIJUAL MURAH DEKAT BANYAK KAMPUS DI SETURAN - Dijual: Rumah & Apartemen - 921757127
164,120.0,60.0,3.0,2.0,2.0,Yogyakarta Kota,1600000000,RUMAH MEWAH DIJUAL DI WARUNGBOTO UMBULHARJO KOTA JOGJA FULL FURNISHED - Dijual: Rumah & Apartemen - 921755770
165,114.0,148.0,3.0,2.0,1.0,Yogyakarta Kota,990000000,RUMAH DIJUAL DI SOROSUTAN UMBULHARJO KOTA JOGJA DALAM PERUMAHAN - Dijual: Rumah & Apartemen - 921754934
166,45.0,85.0,2.0,1.0,1.0,Yogyakarta Kota,675100000,"Rumah Minimalis Murah SHM 15 Menit ke Kotagede, Giwangan 20 Menit UAD - Dijual: Rumah & Apartemen - 919657993"
167,80.0,139.0,3.0,1.0,1.0,Yogyakarta Kota,675000000,Rumah Dekat Malioboro - Dijual: Rumah & Apartemen - 915115166
173,412.0,560.0,5.0,3.0,1.0,Sleman Kab.,4134886000,DIJUAL / DILELANG RUMAH TINGGAL DI KOTA YOGYAKARTA - Dijual: Rumah & Apartemen - 921754169
174,120.0,130.0,4.0,3.0,2.0,Sleman Kab.,1350000000,Rumah baru lingkungan nyaman utara jogjabay Maguwo - Dijual: Rumah & Apartemen - 914914995
175,400.0,550.0,7.0,6.0,2.0,Sleman Kab.,3200000000,Rumah mewah dan halaman luas dekat Jogjabay maguwo - Dijual: Rumah & Apartemen - 915081766
177,200.0,123.0,5.0,3.0,1.0,Sleman Kab.,2500000000,"RUMAH DEPOK 2 LANTAI SEMI FURNISHED DI SLEMAN, JOGJA - Dijual: Rumah & Apartemen - 921753962"
178,135.0,192.0,4.0,3.0,1.0,Yogyakarta Kota,2110011000,Rumah Dijual dengan Kolam Renang Bonus Ac dekat Jalan Wates - Dijual: Rumah & Apartemen - 921753627
180,135.0,200.0,4.0,3.0,1.0,Yogyakarta Kota,2170011000,Rumah Dijual 10 Menit dari Exit Tol Gamping - Dijual: Rumah & Apartemen - 921753446
181,66.0,99.0,3.0,2.0,1.0,Sleman Kab.,825000000,Rumah Strategis Hanya 150 meter dari Ringroad Utara - Dijual: Rumah & Apartemen - 919670608
182,550.0,528.0,7.0,5.0,2.0,Yogyakarta Kota,4400000000,"Rumah Pandeyan Dekat Timoho, Baciro, UAD, UTY, XT Square Jogja - Dijual: Rumah & Apartemen - 921752867"
184,300.0,405.0,8.0,4.0,1.0,Yogyakarta Kota,2800000000,(Nego Keras) 5 Menit dari Malioboro - Dijual Rumah - Dijual: Rumah & Apartemen - 921193913
187,343.0,172.0,10.0,9.0,1.0,Yogyakarta Kota,2000000000,Rumah kost2an 2lt dlm kota dekat xt square - Dijual: Rumah & Apartemen - 921751916
188,100.0,150.0,2.0,2.0,1.0,Yogyakarta Kota,1500000000,Rumah bagus Stategis Selangkah Ke Kantor Balai Kota Jogja - Dijual: Rumah & Apartemen - 921751909
189,171.0,131.0,3.0,3.0,1.0,Yogyakarta Kota,1800000000,Rumah Homestay Furnished Di Tegalrejo Kota Yogyakarta / Kodya - Dijual: Rumah & Apartemen - 921749749
191,70.0,97.0,3.0,2.0,1.0,Sleman Kab.,690000000,RUMAH BARU DEKAT PASAR STAN MAGUWOHARJO SLEMAN YOGYAKARTA - Dijual: Rumah & Apartemen - 914196498
192,36.0,78.0,2.0,1.0,1.0,Yogyakarta Kota,185000000,MALU MASIH NUMPANG SAMA MERTUA? - Dijual: Rumah & Apartemen - 913448429
193,65.0,121.0,3.0,2.0,1.0,Sleman Kab.,895000000,"CONDONGCATUR, Dekat Pakuwon Mall; Rumah Akses Mobil Papasan - Dijual: Rumah & Apartemen - 913150559"
194,120.0,81.0,3.0,2.0,1.0,Sleman Kab.,1226000000,Jual rumah Sleman Yogyakarta dengan kolam renang pribadi - Dijual: Rumah & Apartemen - 913454928
195,45.0,60.0,2.0,1.0,1.0,Yogyakarta Kota,380000000,Rumah baru siap huni pusat kota jogja - Dijual: Rumah & Apartemen - 921746732
197,160.0,119.0,4.0,3.0,2.0,Sleman Kab.,1690000000,Rumah Cantik Sleman Siap Huni - Dijual: Rumah & Apartemen - 921744099
200,200.0,225.0,1.0,2.0,2.0,Sleman Kab.,1800000000,"RUMAH USAHA DI MAGUWOHARJO DEKAT TAJEM,LOTTEMART,BUDI MULIA - Dijual: Rumah & Apartemen - 921741927"
201,70.0,119.0,3.0,1.0,1.0,Yogyakarta Kota,600000000,"Rumah Di Jogja, dalam Cluster, dalam Ring Road dekat masjid Jogokarian - Dijual: Rumah & Apartemen - 919630893"
202,180.0,248.0,5.0,3.0,1.0,Yogyakarta Kota,3000000000,"RUMAH 2 LANTAI DI DALAM PERUMAHAN TIMOHO, DEKAT JEC, BALAI KOTA JOGJA, - Dijual: Rumah & Apartemen - 913379031"
203,135.0,150.0,4.0,3.0,1.0,Sleman Kab.,1700000000,"rumah mewah di maguwoharjo, hanya 3 menit ke bandara adisucipto - Dijual: Rumah & Apartemen - 913363203"
204,250.0,439.0,4.0,3.0,1.0,Yogyakarta Kota,2700000000,TOWNHOUSE HOOK TANAH LUAS DI OPI PERUMAHAN CASSANDRA JAKABARING - Dijual: Rumah & Apartemen - 900163941
205,120.0,160.0,4.0,2.0,2.0,Sleman Kab.,1650000000,Rumah Modern Kamar 4 Dekat Jogja Bay Maguwo - Dijual: Rumah & Apartemen - 921741236
208,310.0,265.0,6.0,3.0,2.0,Yogyakarta Kota,2250000000,Rumah Usaha Dalam Kota Luas 265 mÂ² - Dijual: Rumah & Apartemen - 921740099
209,78.0,115.0,3.0,2.0,1.0,Yogyakarta Kota,1200000000,"Dekat Kampus UMY, Rumah Berkualitas Jambon Dalam Ringroad - Dijual: Rumah & Apartemen - 906107518"
210,45.0,90.0,2.0,1.0,1.0,Yogyakarta Kota,424000011,Cicilan Ringan! Rumah Mewah Dekat Ringroad Selatan SHM - Dijual: Rumah & Apartemen - 921738848
211,125.0,103.0,3.0,3.0,2.0,Sleman Kab.,1700000000,Rumah mewah full furnish di Wedomartani Maguwoharjo dekat tajem - Dijual: Rumah & Apartemen - 921738832
213,1000.0,2769.0,9.0,9.0,1.0,Sleman Kab.,17000000000,Rumah Kantor Dekat UGM Kawasan Premium Dengan Tanah Luas - Dijual: Rumah & Apartemen - 921733318
214,125.0,103.0,3.0,3.0,2.0,Sleman Kab.,1700000000,Rumah Siap Huni Sleman Full Perabotan - Dijual: Rumah & Apartemen - 921733299
215,171.0,146.0,3.0,3.0,1.0,Sleman Kab.,2390000000,Rumah Siap Huni Tiyasan Full Furnished Kolam Renang - Dijual: Rumah & Apartemen - 921733275
216,44.0,90.0,2.0,1.0,1.0,Sleman Kab.,550000000,Rumah Baru Sleman Purwomartani Timur Kadisoka Wedomartani Jalan Tajem - Dijual: Rumah & Apartemen - 921732580
217,144.0,196.0,3.0,3.0,2.0,Sleman Kab.,980000000,Rumah LT 196 M2 Perum Penen Ngaglik Dekat JL Palagan JL Magelang Mlati - Dijual: Rumah & Apartemen - 921732297
218,64.0,102.0,2.0,1.0,1.0,Yogyakarta Kota,960000000,Hunian Furnished Perum Pondok Permai Dkat Kampus UAD Giwangan Kotagede - Dijual: Rumah & Apartemen - 921731956
219,225.0,235.0,3.0,2.0,1.0,Yogyakarta Kota,1500000000,Jual Rumah Tinggal Murah - Dijual: Rumah & Apartemen - 921731918
220,120.0,120.0,5.0,2.0,1.0,Sleman Kab.,750000000,Dijual Rumah 2 Lantai Minomartani Condongcatur Sleman Jogja - Dijual: Rumah & Apartemen - 921729461
221,140.0,170.0,5.0,2.0,1.0,Yogyakarta Kota,900000000,Dijual rumah tengah kota - Dijual: Rumah & Apartemen - 921729204
224,45.0,92.0,1.0,2.0,1.0,Yogyakarta Kota,420000011,Dekat Ringroad UMY! Rumah 1 Lantai Free Balik Nama - Dijual: Rumah & Apartemen - 921726502
225,45.0,91.0,2.0,1.0,1.0,Yogyakarta Kota,435000055,Rumah Elegan Full Akses CCTV Ready SHM 5 Menit dari UMY - Dijual: Rumah & Apartemen - 921725750
226,60.0,93.0,3.0,1.0,1.0,Sleman Kab.,645000000,"Rumah Dijual Selatan Janti, Dalam Perumahan Bisa KPR - Dijual: Rumah & Apartemen - 921724111"
229,700.0,232.0,9.0,9.0,,Yogyakarta Kota,2500000000,Dijual Murah Rumah 3 Lantai di Timoho Strategis Tengah Kota Jogyakarta - Dijual: Rumah & Apartemen - 921721802
230,505.0,844.0,7.0,5.0,2.0,Sleman Kab.,6500000000,Jual Rumah di Maguwoharjo Sleman - Dijual: Rumah & Apartemen - 853530857
231,600.0,289.0,6.0,5.0,1.0,Yogyakarta Kota,7700000000,Jual rumah di Fasco Mansion Residence Yogyakarta ( NL ) - Dijual: Rumah & Apartemen - 919621538
233,24.0,0.0,1.0,1.0,4.0,Sleman Kab.,400000000,Dijual Apartemen Type Studio Dekat Kampus Furnished Vivo Apartemen YK - Dijual: Rumah & Apartemen - 919492869
234,125.0,103.0,3.0,3.0,2.0,Sleman Kab.,1700000000,RUMAH CANTIK INDUSTRIALIS FULL FURNISH VIEW PERSAWAHAN DEKAT JL. TAJEM - Dijual: Rumah & Apartemen - 921719240
235,100.0,124.0,3.0,2.0,1.0,Yogyakarta Kota,875000000,Rumah dlm komplek dekat UAD 4 Ringroad Selatan - Dijual: Rumah & Apartemen - 919480880
238,140.0,110.0,3.0,1.0,2.0,Yogyakarta Kota,1100000000,Dijual Murah Rumah 2 Lantai Perumahan Timur Xt Square Umbulharjo Kodya - Dijual: Rumah & Apartemen - 921718880
239,45.0,45.0,2.0,1.0,1.0,Yogyakarta Kota,420000011,5 Menit Dari Kampus UMY Rumah Cantik Minimalis SHM IMB - Dijual: Rumah & Apartemen - 921718455
240,125.0,160.0,4.0,4.0,1.0,Sleman Kab.,3341000000,rumah hyarta ecovillage jogja dilengkapi berbagai fasilitas - Dijual: Rumah & Apartemen - 918927662
241,55.0,115.0,3.0,2.0,1.0,Yogyakarta Kota,750000000,Rumah Siap Bangun Lokasi Strategis di Ring Road Selatan - Dijual: Rumah & Apartemen - 921710995
242,85.0,85.0,3.0,2.0,1.0,Sleman Kab.,780000000,Dijual Rumah Condongcatur Depok Sleman Jogja Dekat Ringroad - Dijual: Rumah & Apartemen - 921709958
243,100.0,100.0,3.0,1.0,2.0,Sleman Kab.,875000000,Dijual Rumah 2 Lantai Condongcatur Sleman Dekat Kampus UPN Jogja - Dijual: Rumah & Apartemen - 921709656
244,45.0,73.0,2.0,1.0,1.0,Sleman Kab.,450000000,dijual rumah maguwoharjo Sleman jogja - Dijual: Rumah & Apartemen - 921709366
247,70.0,123.0,3.0,2.0,1.0,Yogyakarta Kota,1000000000,"Dekat Kota Jogja, Rumah HOOK Dalam Perum Kaliurang Jl. Kapten Hariyad - Dijual: Rumah & Apartemen - 921708979"
248,166.0,226.0,5.0,5.0,2.0,Sleman Kab.,2750000000,"Rumah Tiyasan Condongcatur Dekat UGM, UPN, Ringroad Utara, JIH - Dijual: Rumah & Apartemen - 921708189"
249,42.0,91.0,2.0,1.0,1.0,Yogyakarta Kota,615000000,Hanya 1 Unit Bonus AC & Kanopi Rumah di Berbah Dkat Blok O Jec KPR SHM - Dijual: Rumah & Apartemen - 921707351
250,70.0,123.0,3.0,2.0,1.0,Yogyakarta Kota,1000000000,"Murah 1 M: Rumah Dekat UGM, Dalam Perum Kaliurang Jl Kapten Hariyadi - Dijual: Rumah & Apartemen - 921706946"
251,325.0,300.0,5.0,5.0,2.0,Sleman Kab.,8500000000,Rumah Kolonial Vintage di Baciro - Dijual: Rumah & Apartemen - 921706561
252,160.0,423.0,5.0,3.0,1.0,Yogyakarta Kota,1300000000,Rumah Villa Tanah Luas 400 River View Dekat Kota - Dijual: Rumah & Apartemen - 921705973
253,200.0,367.0,5.0,2.0,1.0,Sleman Kab.,2400000000,Rumah Halaman Luas Hanya 50 meter dari Ring Road Utara - Dijual: Rumah & Apartemen - 853604266
255,300.0,1008.0,9.0,3.0,1.0,Sleman Kab.,14000000000,"Cocok Untuk Kost/Guesthouse, Dekat UGM - Dijual: Rumah & Apartemen - 919605308"
257,455.0,455.0,6.0,6.0,1.0,Sleman Kab.,4500000000,"MURAH Rumah Besar Di Seturan Dekat UPN, AMPLAZ, Pakuwon Mall - Dijual: Rumah & Apartemen - 917710182"
258,65.0,126.0,2.0,1.0,1.0,Yogyakarta Kota,1660200000,"Jual Rumah Jogja Kota, Wirobrajan Dekat Malioboro - Dijual: Rumah & Apartemen - 906064285"
260,70.0,97.5,3.0,2.0,1.0,Sleman Kab.,690000000,RUMAH DIJUAL CANTIK DI SEMBEGO MAGUWO DEPOK JOGJA 1 KM DARI LOTTEMART - Dijual: Rumah & Apartemen - 913265791
262,135.0,105.0,2.0,2.0,2.0,Yogyakarta Kota,1250000000,Townhouse di Perumahan Sukarejo Dekat Masjid Abiyasan Kenten Palembang - Dijual: Rumah & Apartemen - 906350777
263,225.0,429.0,5.0,4.0,1.0,Sleman Kab.,3500000000,RUMAH LUAS 5 KT DI DEKAT JALAN KALIURANG KM 13 - Dijual: Rumah & Apartemen - 906580910
265,120.0,120.0,5.0,2.0,1.0,Yogyakarta Kota,1400000000,"Nego Dijual, Rumah Di Pusat Kota, 10menit Tugu Jogja - Dijual: Rumah & Apartemen - 897357940"
266,100.0,103.0,3.0,3.0,1.0,Sleman Kab.,1300000000,dijual rumah di sleman jogja dekat kampus atma jaya yogyakarta - Dijual: Rumah & Apartemen - 906066172
267,115.0,90.0,3.0,3.0,1.0,Sleman Kab.,1590000000,"Rumah Fully Furnished di Condong Catur Jakal km 7 dekat UII, UPN - Dijual: Rumah & Apartemen - 913241342"
269,150.0,100.0,10.0,10.0,1.0,Sleman Kab.,2300000000,"Kos Eksklusif Fully Furnished di Condong Catur dekat JIH, UPN Pakuwon - Dijual: Rumah & Apartemen - 913240806"
270,180.0,120.0,3.0,2.0,1.0,Sleman Kab.,1800000000,Rumah 2 Lantai Lingkungan Elit Dekat Stadion Maguwo - Dijual: Rumah & Apartemen - 910478471
272,65.0,93.0,2.0,1.0,1.0,Yogyakarta Kota,1248600000,"Rumah Minimalis di Pusat Kota Yogya, 2 Lantai, Tjokro Riverview - Dijual: Rumah & Apartemen - 913181481"
273,65.0,126.0,2.0,1.0,2.0,Yogyakarta Kota,1585200000,"Rumah di Pusat Kota Yogya, Wirobrajan, 2 Lantai, Tjokro Riverview, A9 - Dijual: Rumah & Apartemen - 913181470"
274,65.0,134.0,2.0,1.0,1.0,Yogyakarta Kota,1666800000,"Rumah Eksklusif Pusat Kota Yogya di Tjokro Riverview, 2 Lantai, F10 - Dijual: Rumah & Apartemen - 913181429"
275,130.0,152.0,4.0,4.0,1.0,Sleman Kab.,1870000000,"Diskon 8% + 3 Buah AC Daikin, Perumahan Elite Jogja, Fasilitas Lengkap - Dijual: Rumah & Apartemen - 910610593"
276,148.0,96.0,3.0,2.0,1.0,Sleman Kab.,850000000,Rumah Di Maguwoharjo Dekat Stadion Maguwo - Dijual: Rumah & Apartemen - 910295535
279,240.0,201.0,5.0,5.0,2.0,Sleman Kab.,2975000000,"RUMAH MEWAH SIAP BANGUN DI PURWOMARTANI DEKAT KADISOKA,SAMBISARI - Dijual: Rumah & Apartemen - 921698502"
280,130.0,130.0,3.0,3.0,2.0,Sleman Kab.,1650000000,"RUMAH SIAP HUNI MEWAH DI WEDOMARTANI DEKAT MAGUWOHARJO,TAJEM - Dijual: Rumah & Apartemen - 921698352"
281,85.0,127.0,3.0,2.0,1.0,Sleman Kab.,832000000,RUMAH MODERN MINIMALIS DI PURWOMARTANI KALASAN - Dijual: Rumah & Apartemen - 921698295
282,45.0,92.0,2.0,1.0,1.0,Yogyakarta Kota,425000011,5 Menit Dari Lap Kasihan Rumah Modern Minimalis Legalitas SHM - Dijual: Rumah & Apartemen - 921696792
283,120.0,91.0,2.0,1.0,1.0,Yogyakarta Kota,750000000,Rumah Murah Jogja Kota 8 menit Alun Alun Utara - Dijual: Rumah & Apartemen - 915523416
284,585.0,585.0,2.0,7.0,2.0,Yogyakarta Kota,6000000000,RUMAH INVESTASI RUMAH KOST DI KAWASAN KERATON YOGYAKARTA - Dijual: Rumah & Apartemen - 915507507
285,200.0,243.0,6.0,2.0,1.0,Yogyakarta Kota,1400000000,For Sale RUMAH DI KADIPATEN DEKAT KERATON DAN MALIOBORO YOGYAKARTA - Dijual: Rumah & Apartemen - 915507480
286,150.0,99.0,4.0,2.0,1.0,Sleman Kab.,1825000000,Rumah Mewah Jogja Siap Huni - Dijual: Rumah & Apartemen - 904901000
287,115.0,116.0,3.0,2.0,1.0,Yogyakarta Kota,1850000000,"Rumah mewah,baru,siap huni full funished dkt maguwoharjo - Dijual: Rumah & Apartemen - 919580205"
288,45.0,86.0,2.0,1.0,1.0,Yogyakarta Kota,380000000,Dijual Rumah 1 Lantai Akses Mobil Papasan 5 Menit Ke UMY - Dijual: Rumah & Apartemen - 919574751
289,45.0,83.0,2.0,1.0,1.0,Yogyakarta Kota,378000000,5 Menit Dari UMY! Rumah 1 Lantai Modern Bebas Biaya Pajak SHM - Dijual: Rumah & Apartemen - 919574199
290,45.0,83.0,2.0,1.0,1.0,Yogyakarta Kota,385000000,Cluster Elegan Full Bata Merah Lokasi Strategis Dekat UMY - Dijual: Rumah & Apartemen - 919572162
292,4676.0,0.0,1.0,1.0,10.0,Sleman Kab.,1300000000,Jual apartement 1 kamar di amarta dekat kampus UGM dan hotel hyatt - Dijual: Rumah & Apartemen - 918626519
295,95.0,112.0,3.0,2.0,1.0,Yogyakarta Kota,850000000,Dijual rumah mewah di maguwo sleman bisa cash tempo hanya 800 Jutaan - Dijual: Rumah & Apartemen - 918681031
296,200.0,133.0,4.0,3.0,1.0,Yogyakarta Kota,2100000000,Kota Jogja Rumah Minimalis Tropis Full Furnished Timur UAD Kampus 4 - Dijual: Rumah & Apartemen - 912716642
297,252.0,144.0,5.0,4.0,3.0,Yogyakarta Kota,2800000000,Rumah Full Furnished dlm dekat Atlanta Elektronik Jl. HOS Cokroaminoto - Dijual: Rumah & Apartemen - 912889389
298,145.0,200.0,4.0,4.0,1.0,Sleman Kab.,4068000000,rumah area maguwo perum hyarta ecovillage - Dijual: Rumah & Apartemen - 919360421
299,115.0,140.0,4.0,4.0,1.0,Sleman Kab.,2904000000,rumah baru cluster premium hyarta ecovilage sleman jogja - Dijual: Rumah & Apartemen - 919360493
300,56.0,49.0,2.0,1.0,,Sleman Kab.,900000000,DIJUAL GREEN PARK APARTEMEN SLEMAN DAERAH ISTIMEWA YOGYAKARTA - Dijual: Rumah & Apartemen - 919317541
301,80.0,88.0,2.0,1.0,1.0,Sleman Kab.,550000000,"Rumah Baru, Cantik dlm perumahan. Siap Huni, Istimewa, Dekat Pintu Tol - Dijual: Rumah & Apartemen - 921681175"
303,200.0,149.0,5.0,4.0,1.0,Sleman Kab.,1400000000,Rumah baru minimalis mewah kawasan transmart maguwoharjo jogja - Dijual: Rumah & Apartemen - 908984985
304,265.0,300.0,4.0,3.0,1.0,Sleman Kab.,4900000000,Rumah mewah dalam perumahan premium di jalan kaliurang km9 Jogja - Dijual: Rumah & Apartemen - 916545076
305,126.0,279.0,8.0,3.0,1.0,Sleman Kab.,950000000,Rumah termurah di kelasnya area strategis di maguwoharjo sleman yogyak - Dijual: Rumah & Apartemen - 908985091
312,55.0,85.0,2.0,1.0,1.0,Yogyakarta Kota,590000000,RUMAH DIJUAL DI GEDONGKIWO MANTRIJERON KOTA JOGJA YOGYAKARTA SIAP HUNI - Dijual: Rumah & Apartemen - 919285060
313,45.0,66.0,2.0,1.0,1.0,Yogyakarta Kota,580000000,RUMAH MINIMALIS DIJUAL JOGJA DI PRENGGAN KOTAGEDE KOTA YOGYAKARTA - Dijual: Rumah & Apartemen - 919472356
314,190.0,200.0,4.0,3.0,2.0,Yogyakarta Kota,1700000000,RUMAH DIJUAL JOGJA 2 LANTAI JALAN KUSUMANEGARA UMBULHARJO KOTA YOGYAKA - Dijual: Rumah & Apartemen - 919476027
315,50.0,84.0,2.0,1.0,1.0,Yogyakarta Kota,775000000,RUMAH DIJUAL JOGJA DI WARUNGBOTO UMBULHARJO KOTA YOGYAKARTA SIAP HUNI - Dijual: Rumah & Apartemen - 919482199
316,64.0,90.0,3.0,1.0,1.0,Yogyakarta Kota,875000000,RUMAH DIJUAL DI WARUNGBOTO UMBULHARJO KOTA YOGYAKARTA HOOK SIAP HUNI - Dijual: Rumah & Apartemen - 919482829
317,55.0,101.0,3.0,1.0,1.0,Yogyakarta Kota,925000000,RUMAH MINIMALIS DIJUAL DI WARUNGBOTO UMBULHARJO KOTA JOGJA SIAP HUNI - Dijual: Rumah & Apartemen - 919483807
319,390.0,365.0,6.0,4.0,1.0,Yogyakarta Kota,4800000000,Dijual rumah mewah di kawasan premium kota jogja ayo miliki segera - Dijual: Rumah & Apartemen - 918660508
320,45.0,91.0,2.0,1.0,1.0,Yogyakarta Kota,423000011,SHM Siap Balik Nama! Rumah Mewah Minimalis Dekat Kampus UMY - Dijual: Rumah & Apartemen - 921672875
321,45.0,90.0,3.0,2.0,1.0,Sleman Kab.,598000000,Rumah Cantik Skandinavian Dekat Kawasan RSPAU Hardjolukito Blok O STTA - Dijual: Rumah & Apartemen - 919569783
322,90.0,154.0,3.0,2.0,1.0,Yogyakarta Kota,1700000000,Rumah Cantik Siap Huni Dekat Jalan Magelang Sleman Yogyakarta - Dijual: Rumah & Apartemen - 912836240
323,100.0,110.0,3.0,2.0,1.0,Yogyakarta Kota,1100000000,RUMAH STRATEGIS TENGAH KOTA JOGJA DEKAT TVRI - Dijual: Rumah & Apartemen - 912736306
324,250.0,2000.0,5.0,5.0,1.0,Yogyakarta Kota,3200000000,Rumah Villa Di Sleman Siap Huni Dengan Taman Yang Indah Bonus Sawah - Dijual: Rumah & Apartemen - 921670627
325,200.0,150.0,5.0,2.0,1.0,Yogyakarta Kota,1000000000,DI JUAL RUMAH 2LT DI GEDONGKIWO UTARA PASTY YOGYAKARTA - Dijual: Rumah & Apartemen - 921670039
326,550.0,525.0,7.0,5.0,2.0,Yogyakarta Kota,4400000000,"Rumah Mewah Pandeyan, Dekat Timoho, Baciro, UAD, XT Square - Dijual: Rumah & Apartemen - 921669199"
327,150.0,128.0,5.0,3.0,2.0,Sleman Kab.,1300000000,"Rumah Condongcatur Dekat UPN, UGM Jogja, Ringroad Utara, Seturan - Dijual: Rumah & Apartemen - 921668882"
328,90.0,170.0,4.0,3.0,1.0,Sleman Kab.,1450000000,"Rumah Perumahan Casagrande Dekat Maguwo, Seturan, UPN Jogja - Dijual: Rumah & Apartemen - 921668798"
329,121.0,86.0,4.0,2.0,2.0,Sleman Kab.,1400000000,"Rumah Karangwuni Dekat UGM, Pogung, Monjali, Jl Kaliurang - Dijual: Rumah & Apartemen - 921668775"
330,100.0,157.0,3.0,2.0,1.0,Sleman Kab.,850000000,BU ! Rumah Murah Di jl. Kaliurang km 7 Dekat UGM & Pakuwon Mall - Dijual: Rumah & Apartemen - 921667383
331,45.0,91.0,2.0,1.0,1.0,Yogyakarta Kota,410000055,Dekat Kampus UMY Rumah dlm Cluster Minimalis Ready Sertifikat - Dijual: Rumah & Apartemen - 921667214
332,20.0,0.0,1.0,1.0,5.0,Sleman Kab.,285000000,Apartemen Strategis Dekat Kampus Ternama di Vivo Yogyakarta - Dijual: Rumah & Apartemen - 921666834
333,250.0,722.0,4.0,3.0,1.0,Yogyakarta Kota,7500000000,Rumah Klasik Area jl. Kusumanegara Dekat Malioboro dan Pakualaman - Dijual: Rumah & Apartemen - 919587364
334,1100.0,644.0,10.0,10.0,1.0,Sleman Kab.,15000000000,rumah kost ekslusif income tinggi pogung UGM 37 kamar - Dijual: Rumah & Apartemen - 921666134
335,65.0,90.0,3.0,2.0,1.0,Sleman Kab.,898000000,rumah baru dalam cluster dekat stadion maguwoharjo - Dijual: Rumah & Apartemen - 921666018
336,500.0,2270.0,6.0,3.0,1.0,Yogyakarta Kota,34000000000,"Dijual Rumah Luas, Sangat Strategis Mangku Jalan Timoho, Kota Jogja - Dijual: Rumah & Apartemen - 915048278"
337,75.0,130.0,3.0,2.0,1.0,Sleman Kab.,870000000,HUNIAN BARU LIMASAN STYLE dalam CLUSTER dekat STADION MAGUWOHARJO - Dijual: Rumah & Apartemen - 921665600
338,160.0,423.0,5.0,3.0,1.0,Sleman Kab.,1300000000,rumah dengan tanah luas dekat RS hermina maguwoharjo - Dijual: Rumah & Apartemen - 921665584
339,130.0,130.0,3.0,3.0,1.0,Sleman Kab.,1650000000,Rumah Baru Siap Huni Eropa Moderen di Maguwoharjo - Dijual: Rumah & Apartemen - 921665202
340,200.0,158.0,4.0,3.0,2.0,Sleman Kab.,2000000000,"Rumah Kledokan Dekat Jl Perumnas, Jl Selokan Mataram, UPN, AMPLAZ - Dijual: Rumah & Apartemen - 921664974"
341,162.0,134.0,4.0,3.0,2.0,Sleman Kab.,2000000000,"Rumah Condongcatur Dekat Lempongsari, Gejayan, UGM, UNY, Seturan - Dijual: Rumah & Apartemen - 921664957"
342,210.0,363.0,6.0,4.0,1.0,Sleman Kab.,2000000000,"Rumah Condongcatur Dekat UPN, Amikom, UII, UGM Jogja, Seturan, JIH - Dijual: Rumah & Apartemen - 921664891"
343,252.0,144.0,6.0,6.0,2.0,Yogyakarta Kota,2800000000,"Rumah Mewah Jl Hos Cokroaminoto Dekat Malioboro, Kraton, Tugu Jogja - Dijual: Rumah & Apartemen - 921664847"
346,40.0,63.0,2.0,2.0,1.0,Yogyakarta Kota,735000000,Rumah Mini Premium Promo July 2024 - Dijual: Rumah & Apartemen - 921663046
347,75.0,136.0,3.0,2.0,1.0,Sleman Kab.,1700000000,rumah baru dalam perumahan seturan sangat strategis - Dijual: Rumah & Apartemen - 921662393
348,175.0,175.0,3.0,2.0,1.0,Yogyakarta Kota,1500000000,Rumah di Kota Jogja (Kodya) sangat murah dan strategis! - Dijual: Rumah & Apartemen - 919491706
350,70.0,110.0,2.0,1.0,1.0,Yogyakarta Kota,1100000000,Rumah Tengah Kota Lingkungan Perumahan di Jatimulyo - Dijual: Rumah & Apartemen - 910726777
351,45.0,90.0,2.0,1.0,1.0,Sleman Kab.,549000000,RUMAH SCANDINAVIAN MODERN DI KALASAN 500JT-an SUASANA HOMEY - Dijual: Rumah & Apartemen - 921661366
352,45.0,66.0,2.0,1.0,1.0,Yogyakarta Kota,580000000,Rumah murah Tegalgendu kotagede - Dijual: Rumah & Apartemen - 921660772
353,160.0,423.0,5.0,3.0,1.0,Sleman Kab.,1300000000,BU! Turun Harga! Rumah Bagus Tanah Luas Area Maguwo Dekat Jogjabay - Dijual: Rumah & Apartemen - 921660655
354,148.0,86.0,3.0,1.0,1.0,Sleman Kab.,675000000,Rumah Murah Cantik area Maguwoharjo - Dijual: Rumah & Apartemen - 921660622
355,200.0,140.0,4.0,3.0,1.0,Sleman Kab.,1500000000,JUAL RUMAH AREA MAGUWOHARJO DEPOK SLEMAN JOGJAKARTA - Dijual: Rumah & Apartemen - 921660378
356,175.0,123.0,4.0,3.0,1.0,Sleman Kab.,1850000000,rumah 2 lantai minimalis sangat strategis seputaran lempongsari - Dijual: Rumah & Apartemen - 921659504
357,492.0,580.0,10.0,10.0,1.0,Yogyakarta Kota,7000000000,rumah kost ekslusif 26 kamar tidur pilahan kota gede jlan utama - Dijual: Rumah & Apartemen - 921659483
358,200.0,140.0,4.0,3.0,1.0,Sleman Kab.,1500000000,rumah dalam perumahan maguwoharjo dalam ringroad dkt kampus - Dijual: Rumah & Apartemen - 921659471
361,21.0,0.0,1.0,1.0,8.0,Sleman Kab.,269000000,Apartemen di Jogja Tempat Anda Bisa Bebas Berkarya - Dijual: Rumah & Apartemen - 921659256
364,310.0,822.0,5.0,4.0,1.0,Sleman Kab.,14000000000,Rumah Jogja Jl.Kaliurang km 5 Gg Megatruh Lt 822 m2 LB 310 m2 SHM - Dijual: Rumah & Apartemen - 910232747
365,150.0,120.0,4.0,4.0,1.0,Sleman Kab.,2020000000,PERUMAHAN SKY BALCON CANTIK HANYA 30% DEKAT HARTONO MALL SUDAH SHM - Dijual: Rumah & Apartemen - 919564913
366,120.0,210.0,3.0,2.0,1.0,Sleman Kab.,995000000,Rumah Murah di Jl Candi Gebang Condongcatur Utara Kampus UPN - Dijual: Rumah & Apartemen - 919562890
367,200.0,123.0,5.0,3.0,1.0,Sleman Kab.,2500000000,Rumah Full Furnished Di Maguwoharjo - Dijual: Rumah & Apartemen - 919559302
368,350.0,684.0,6.0,6.0,1.0,Yogyakarta Kota,15000000000,Rumah Guesthouse Heritage pusat kota Yogya full furnish - Dijual: Rumah & Apartemen - 913164190
369,45.0,65.0,2.0,1.0,1.0,Yogyakarta Kota,580000000,Rumah Minimalis Murah Siap Huni Lokasi Jalan Pramuka Kota Yogyakarta - Dijual: Rumah & Apartemen - 919557011
370,60.0,100.0,3.0,1.0,1.0,Sleman Kab.,550000000,Rumah Murah di Perumahan Puri Domas Wedomartani Timur Tajem - Dijual: Rumah & Apartemen - 919549923
371,250.0,190.0,5.0,5.0,1.0,Yogyakarta Kota,4500000000,RUMAH MEWAH SIAP BANGUN LOKASI STRATEGIS DI DEKAT TUGU KOTA YOGYA - Dijual: Rumah & Apartemen - 915485087
372,500.0,1500.0,8.0,4.0,1.0,Yogyakarta Kota,38000000000,JUAL RUMAH UNTUK HOTEL TOKO CAFE - Dijual: Rumah & Apartemen - 915499629
373,115.0,126.0,4.0,3.0,1.0,Sleman Kab.,2980000000,HUNIAN SUPER MEWAH HANYA 2 M AN DEKAT KOTA JOGJA - Dijual: Rumah & Apartemen - 915493823
374,45.0,82.0,2.0,1.0,1.0,Yogyakarta Kota,370000000,Jual Rumah Cantik 300 Jutaan 5 Menit Dari Ringroad UMY SHM - Dijual: Rumah & Apartemen - 919547918
376,150.0,125.0,5.0,3.0,2.0,Sleman Kab.,1475000000,Rumah 2 Lantai Siap Huni View Sawah & View Gunung Merapi - Dijual: Rumah & Apartemen - 919546253
377,75.0,93.0,2.0,2.0,2.0,Sleman Kab.,1650000000,Rumah Mewah Fully Furnished dekat UGM - Dijual: Rumah & Apartemen - 919546064
378,70.0,119.0,3.0,1.0,1.0,Yogyakarta Kota,700000000,DIJUAL CEPAT BU RUMAH MINIMALIS DALAM CLUSTER KOTA JOGJA - Dijual: Rumah & Apartemen - 917659898
379,300.0,507.0,5.0,4.0,1.0,Sleman Kab.,10000000000,TANAH BONUS BANGUNAN JOGLO DI PUSAT KAMPUS TERNAMA UGM DAN UNY YOGYA - Dijual: Rumah & Apartemen - 904209259
380,350.0,222.0,5.0,5.0,1.0,Yogyakarta Kota,4800000000,"Hunian Mewah Jogja, Laguna Spring Resort, 12 Menit Ke Malioboro - Dijual: Rumah & Apartemen - 915481228"
381,45.0,91.0,2.0,1.0,1.0,Yogyakarta Kota,390000000,Bonus AC Cluster Elegan SHM Dekat Alma Ata - Dijual: Rumah & Apartemen - 919543152
382,45.0,86.0,2.0,1.0,1.0,Yogyakarta Kota,389000000,Free Canopy Rumah dlm Cluster Legalitas SHM Dekat Lapangan Kasihan - Dijual: Rumah & Apartemen - 919543098
383,1100.0,1119.0,4.0,2.0,1.0,Sleman Kab.,39500000000,RUMAH DAN TEMPAT USAHA JALAN KALIURANG YOGYAKARTA - Dijual: Rumah & Apartemen - 915466432
384,200.0,157.0,8.0,7.0,2.0,Sleman Kab.,2100000000,Kost2 an bagus di condong catur dekat UGM - Dijual: Rumah & Apartemen - 909891262
385,400.0,461.0,7.0,5.0,1.0,Sleman Kab.,3750000000,Rumah mewah bagus di Jalan palagan km 6 - Dijual: Rumah & Apartemen - 909894795
386,272.0,556.0,5.0,4.0,1.0,Sleman Kab.,3500000000,Rumah bagus luas siap huni asri - Dijual: Rumah & Apartemen - 909895034
387,80.0,125.0,3.0,2.0,1.0,Sleman Kab.,1050000000,Rumah bagus dalam perumahan dekat hotel hyatt - Dijual: Rumah & Apartemen - 909895053
388,140.0,199.0,4.0,4.0,1.0,Sleman Kab.,2200000000,Rumah bagus di dekat hotel hyyat palagan - Dijual: Rumah & Apartemen - 914136441
390,352.0,247.0,7.0,5.0,1.0,Sleman Kab.,3800000000,Rumah murah bagus di pogung baru dekat UGM Al Azhar - Dijual: Rumah & Apartemen - 914137542
391,125.0,146.0,4.0,2.0,1.0,Sleman Kab.,980000000,Rumah Siap Huni Murah Di Maguwoharjo - Dijual: Rumah & Apartemen - 905975497
392,180.0,532.0,3.0,3.0,1.0,Sleman Kab.,2700000000,Rumah homestay bagus di kota Yogjakarta - Dijual: Rumah & Apartemen - 914771187
393,145.0,137.0,3.0,3.0,1.0,Sleman Kab.,2200000000,"Rumah bagus dalam perumahan dekat balemulia, RSA UGM - Dijual: Rumah & Apartemen - 914771198"
394,130.0,160.0,4.0,2.0,1.0,Sleman Kab.,1400000000,Rumah Industrial Mewah dan Luas Di Maguwoharjo Dekat Jogja Bay - Dijual: Rumah & Apartemen - 906322052
396,340.0,340.0,5.0,4.0,1.0,Yogyakarta Kota,3499000000,Rumah luas mewah full furnish dekat Gembiraloka zoo gedongkuning - Dijual: Rumah & Apartemen - 914638378
397,75.0,130.0,3.0,2.0,1.0,Sleman Kab.,1000000000,Rumah baru siap huni dekat palagan asri 3 - Dijual: Rumah & Apartemen - 916756269
398,120.0,100.0,3.0,2.0,1.0,Sleman Kab.,1250000000,Rumah homestay bagus di jogokaryan Yogyakarta - Dijual: Rumah & Apartemen - 916783550
400,211.0,329.0,4.0,3.0,1.0,Sleman Kab.,6500000000,Rumah mewah elit dalam perumahan elit citra sun garden - Dijual: Rumah & Apartemen - 919446450
401,150.0,139.0,3.0,3.0,1.0,Sleman Kab.,1900000000,Rumah baru siap huni dekat jalan gito gati SCH Sleman - Dijual: Rumah & Apartemen - 919446448
402,601.0,583.0,7.0,6.0,1.0,Sleman Kab.,6500000000,Rumah bagus di sorowajan dekat Amplaz kampus UIN - Dijual: Rumah & Apartemen - 919446452
403,107.0,132.0,5.0,3.0,1.0,Sleman Kab.,2500000000,Rumah bagus di perum pogung dekat UGM - Dijual: Rumah & Apartemen - 919446455
404,170.0,150.0,4.0,3.0,1.0,Sleman Kab.,1850000000,Rumah baru keren di purwomartani - Dijual: Rumah & Apartemen - 919446459
405,150.0,106.0,4.0,3.0,1.0,Sleman Kab.,1500000000,Rumah bagus di timoho kota Yogjakarta dekat pusat kota - Dijual: Rumah & Apartemen - 919446457
406,290.0,262.0,5.0,7.0,1.0,Sleman Kab.,4500000000,Rumah konsep Villa di jalan kaliurang km 13 dekat UII - Dijual: Rumah & Apartemen - 919446472
407,236.0,228.0,4.0,5.0,1.0,Sleman Kab.,2750000000,Rumah bagus dalam perumahan di jalan kaliurang km 9 - Dijual: Rumah & Apartemen - 919446475
408,190.0,150.0,3.0,2.0,1.0,Sleman Kab.,2650000000,Rumah Mewah Dijual Di Kadisoka Maguwoahrjo Dekat Jogja Bay - Dijual: Rumah & Apartemen - 919537962
409,90.0,103.0,3.0,2.0,1.0,Sleman Kab.,1450000000,Rumah bagus dalam perumahan di jalan kaliurang km 7 - Dijual: Rumah & Apartemen - 919507465
410,250.0,220.0,4.0,4.0,1.0,Sleman Kab.,1900000000,Rumah bagus 2 lantai luas murah di maguwoharjo - Dijual: Rumah & Apartemen - 919507601
411,110.0,160.0,3.0,2.0,1.0,Sleman Kab.,1100000000,rumah baru bagus di maguwoharjo - Dijual: Rumah & Apartemen - 919507733
412,100.0,165.0,3.0,2.0,1.0,Sleman Kab.,1100000000,"DP Ringan. Cash keras lebih untung, Perum Amanusa - Dijual: Rumah & Apartemen - 919532849"
413,24.0,0.0,1.0,1.0,24.0,Sleman Kab.,400000000,"Dijual Apartemen Vivo, Catur Tunggal, Sleman - Dijual: Rumah & Apartemen - 919531189"
415,146.0,176.0,4.0,3.0,2.0,Sleman Kab.,5406000000,Rumah Langsung Huni Fully Furnished Dekat UGM & Subsidi PPN - Dijual: Rumah & Apartemen - 919528261
416,130.0,108.0,4.0,2.0,2.0,Sleman Kab.,2802000000,Rumah Siap Huni di Jogja dengan 4 Kamar Tidur Dekat UGM - Dijual: Rumah & Apartemen - 919527694
417,120.0,120.0,4.0,3.0,2.0,Sleman Kab.,2974000000,Rumah Siap Huni 4 Kamar Tidur Dekat UGM di Jalan Kaliurang Yogyakarta - Dijual: Rumah & Apartemen - 919527369
418,45.0,93.0,2.0,1.0,1.0,Yogyakarta Kota,420500011,SHM IMB Ready! Cluster One Gate Dekat Kampus UMY Alma Ata - Dijual: Rumah & Apartemen - 921647619
423,43.0,70.0,2.0,2.0,1.0,Yogyakarta Kota,900000000,Mini Cluster Premium Promo July 2024 - Dijual: Rumah & Apartemen - 921641329
424,539.0,539.0,7.0,5.0,2.0,Sleman Kab.,14014000000,1 unit rumah 2unit kos'an - Dijual: Rumah & Apartemen - 921639720
425,120.0,90.0,3.0,2.0,2.0,Yogyakarta Kota,650000000,Jual rumah kodya dekat xt square - Dijual: Rumah & Apartemen - 921639240
426,50.0,82.0,2.0,1.0,1.0,Yogyakarta Kota,600000000,Jual rumah murah dekat pln gedongkuning - Dijual: Rumah & Apartemen - 921639063
427,176.0,125.0,5.0,5.0,2.0,Sleman Kab.,2200000000,Dijual Rumah Mewah Classic Modern lokasi Strategis dan Nyaman - Dijual: Rumah & Apartemen - 921633181
428,111.0,131.0,4.0,2.0,2.0,Yogyakarta Kota,1350000000,Jual Rumah di Jambon Dekat SKE - Dijual: Rumah & Apartemen - 868591691
429,280.0,250.0,10.0,9.0,1.0,Yogyakarta Kota,3250000000,JUAL GUEST HOUSE AREA PRAWIROTAMAN MERGANGSAN JOGJAKARTA - Dijual: Rumah & Apartemen - 921628914
430,1000.0,2769.0,9.0,9.0,1.0,Sleman Kab.,17000000000,Rumah mewah Tanah Luas Dekat UGM Jogja - Dijual: Rumah & Apartemen - 921628734
431,135.0,135.0,3.0,1.0,1.0,Yogyakarta Kota,2000000000,Di jual rumah plus ruko - Dijual: Rumah & Apartemen - 921628696
435,200.0,230.0,2.0,2.0,1.0,Yogyakarta Kota,1900000000,Rumah 2 lantai Tanah luas dekat xt square umbulharjo - Dijual: Rumah & Apartemen - 921627297
436,198.0,99.0,5.0,3.0,2.0,Sleman Kab.,1350000000,"Rumah Jl Gejayan Condongcatur Dekat Seturan, Pogung, UGM, UNY - Dijual: Rumah & Apartemen - 921626492"
437,120.0,164.0,3.0,2.0,2.0,Sleman Kab.,1800000000,"Rumah Condongcatur Dekat Jl Gejayan, Ringroad Utara - Dijual: Rumah & Apartemen - 921626314"
438,160.0,104.0,3.0,2.0,2.0,Sleman Kab.,1600000000,"Rumah Pandega Asih Dekat Jl Kaliurang, Pogung, Monjali, UGM, UNY - Dijual: Rumah & Apartemen - 921626266"
439,100.0,173.0,3.0,2.0,1.0,Yogyakarta Kota,900000000,Rumah Cantik Siap Huni Tengah Kota Yogyakarta RSH 430 - Dijual: Rumah & Apartemen - 921625380
440,500.0,319.0,10.0,10.0,1.0,Sleman Kab.,4000000000,rumah kost ekslusif sangat startegis 19 kamar tidur babarsari - Dijual: Rumah & Apartemen - 921624786
441,70.0,105.0,3.0,2.0,1.0,Sleman Kab.,765000000,rumah baru dalam cluster sangat startegis maguwoharjo - Dijual: Rumah & Apartemen - 921624672
443,700.0,1000.0,10.0,10.0,1.0,Sleman Kab.,6500000000,rumah induk dan kost dengan tanah sangat luas maguwoharjo dlm ringroad - Dijual: Rumah & Apartemen - 921624129
444,178.0,178.0,5.0,2.0,1.0,Yogyakarta Kota,899000000,Rumah Cantik Siap Huni di Baciro Kodya Yogyakarta RSH 431 - Dijual: Rumah & Apartemen - 921624105
445,131.0,130.0,3.0,3.0,1.0,Sleman Kab.,2000000000,Dijual Rumah Baru Cluster di Maguwoharjo Dalam Ringroad Dekat Kampus d - Dijual: Rumah & Apartemen - 921624014
448,300.0,266.0,7.0,8.0,1.0,Sleman Kab.,2800000000,Dijual 2 Lantai Homestay / Kost Exclusive Condongcatur Sleman Jogja - Dijual: Rumah & Apartemen - 918801331
449,100.0,100.0,2.0,1.0,1.0,Sleman Kab.,580000000,Dijual Rumah Condongcatur Sleman Jogja Dekat Kampus UPN - Dijual: Rumah & Apartemen - 918802676
450,369.0,406.0,6.0,4.0,1.0,Sleman Kab.,620000000,rumah besar dalam ringroad jalan kaliurang KM 5 sangat startegis - Dijual: Rumah & Apartemen - 921621905
451,70.0,101.0,3.0,2.0,1.0,Sleman Kab.,765000000,dijual rumah baru cluster maguwoharjo Sleman - Dijual: Rumah & Apartemen - 921621713
452,260.0,167.0,7.0,3.0,2.0,Sleman Kab.,1500000000,"Dijual Rumah 2 Lantai mangku Jalan Raya Minomartani, Condongcatur - Dijual: Rumah & Apartemen - 918815300"
453,46.0,84.0,2.0,1.0,1.0,Yogyakarta Kota,556000000,RUMAH MURAH BISA KPR DI BERBAH SLEMAN DEKAT JL JOGJA-SOLO - Dijual: Rumah & Apartemen - 921621017
455,321.0,321.0,5.0,2.0,1.0,Sleman Kab.,990000000,"Rumah condongcatur, cocok untuk kos dekat kampus jogja - Dijual: Rumah & Apartemen - 921619372"
456,45.0,108.0,2.0,2.0,1.0,Sleman Kab.,376900000,promo habiskan unit rumah free motor legalitas SHM - Dijual: Rumah & Apartemen - 921618974
457,390.0,365.0,7.0,3.0,1.0,Sleman Kab.,4800000000,"rumah mewah jogja, di barat jl Kaliurang dekat UGM - Dijual: Rumah & Apartemen - 921618894"
458,45.0,74.0,2.0,1.0,1.0,Sleman Kab.,750000000,Dijual Rumah Di Sekitar Babarsari Jogja - Dijual: Rumah & Apartemen - 921617660
459,60.0,78.0,3.0,2.0,1.0,Yogyakarta Kota,690000000,"Rumah Modern 2 Lantai Hanya 600 Jutaan,di Banguntapan,Jambidan,Bantul - Dijual: Rumah & Apartemen - 921616821"
460,45.0,75.0,2.0,1.0,1.0,Sleman Kab.,545000000,Dijual Rumah Pribadi Di Daerah Maguwoharjo - Dijual: Rumah & Apartemen - 921616165
461,200.0,144.0,4.0,3.0,2.0,Sleman Kab.,1300000000,"Perumahan Mewah Maguwo Jalan Solo Dekat Atmajaya, Seturan, UPN Jogja - Dijual: Rumah & Apartemen - 921615829"
462,80.0,134.0,2.0,2.0,2.0,Yogyakarta Kota,1300000000,"Rumah Jl. Nitikan Baru Dekat Jl Tamansari, UAD Jogja - Dijual: Rumah & Apartemen - 921615812"
463,210.0,250.0,5.0,1.0,1.0,Yogyakarta Kota,1900000000,"Rumah Wirobrajan Dekat Malioboro, Pakuncen Cokroaminoto Jogja - Dijual: Rumah & Apartemen - 921615805"
464,75.0,100.0,3.0,2.0,1.0,Sleman Kab.,725000000,Rumah SHM dijual belakang Kampus UII Kaliurang Jogya - Dijual: Rumah & Apartemen - 921055060
465,250.0,513.0,6.0,4.0,1.0,Sleman Kab.,1850000000,Rumah Kaliurang Luas 500 Cocok Buat Homestay - Dijual: Rumah & Apartemen - 920970703
466,191.0,335.0,7.0,7.0,2.0,Sleman Kab.,3000000000,Dijual Rumah Asri Strategis Luas 335 m2 Yogya Kaliurang - Dijual: Rumah & Apartemen - 911475823
467,50.0,103.0,2.0,2.0,1.0,Sleman Kab.,775000000,rumah murah lojajar ngaglik dijual cepat - Dijual: Rumah & Apartemen - 921441187
468,45.0,95.0,2.0,1.0,1.0,Sleman Kab.,435000000,DIJUAL RUMAH SIAP HUNI DLAM CLUSTER JLAN WATES DKAT SPBU AMBARKETAWANG - Dijual: Rumah & Apartemen - 919218742
470,70.0,117.0,3.0,1.0,1.0,Sleman Kab.,535000000,rumah lantai dua jual murah di jln palagan tidak jauh dr uii jakal - Dijual: Rumah & Apartemen - 921688603
472,72.0,72.0,3.0,2.0,1.0,Bantul Kab.,980000000,Kawasan Terdekat UMY bisa untuk Kost-kostan - Dijual: Rumah & Apartemen - 906713176
473,165.0,193.0,5.0,2.0,2.0,Sleman Kab.,1600000000,"Dijual Guesthouse, cctv, Full Furnished - Dijual: Rumah & Apartemen - 921011329"
477,100.0,110.0,3.0,1.0,1.0,Sleman Kab.,298000000,Rumah Murah Siap Huni - Dijual: Rumah & Apartemen - 920934642
478,74.0,99.0,3.0,2.0,1.0,Bantul Kab.,495000000,RUMAH MURAH MINIMALIS DALAM CLUSTER AREA WONOKROMO PLERET - Dijual: Rumah & Apartemen - 921711288
479,63.0,0.0,2.0,1.0,18.0,Sleman Kab.,1500000000,Apartemen Amarta 2 Kamar Tidur Merapi View Tengah Kota Jogja UGM - Dijual: Rumah & Apartemen - 917877306
483,45.0,80.0,2.0,1.0,,Bantul Kab.,690000000,Dijual Rumah Pesanggrahan Wirokerten - Dijual: Rumah & Apartemen - 816358977
485,150.0,99.0,4.0,2.0,1.0,Sleman Kab.,1525000000,"Dekat Tengkleng Gajah, Jl Kaliurang Km 9 Jogja, Rumah Baru Dijual - Dijual: Rumah & Apartemen - 921193021"
486,350.0,1052.0,6.0,3.0,1.0,Bantul Kab.,3500000000,Rumah Luas 1000 Meter Jogja Selatan Dalam RingRoad - Dijual: Rumah & Apartemen - 920681187
487,99.0,126.0,4.0,2.0,,Bantul Kab.,1100000000,Dijual Cepat Pondok Permai Tamantirta 1 *Free Kitchen Set - Dijual: Rumah & Apartemen - 920991778
488,57.0,95.0,3.0,1.0,1.0,Sleman Kab.,756000000,"Jl Palagan Km 9, One Gate Cluster Mulai Harga 700 - an JT - Dijual: Rumah & Apartemen - 919973345"
491,45.0,75.0,2.0,1.0,1.0,Bantul Kab.,594000000,Rumah full fasilitas di Sewon Bantul - Dijual: Rumah & Apartemen - 918951147
492,111.0,136.0,3.0,3.0,1.0,Sleman Kab.,1700000000,Perumahan di area Kaliurang - Dijual: Rumah & Apartemen - 921663188
494,50.0,50.0,2.0,1.0,1.0,Sleman Kab.,378000000,Di jual home with Privat pool and Privat jacuzzi sovilla prime - Dijual: Rumah & Apartemen - 906883218
496,70.0,70.0,2.0,1.0,1.0,Sleman Kab.,475000000,"Rumah a.n Saya Sendiri, Lokasi Strategis Dekat Kampus, RS, Mall,Pasar - Dijual: Rumah & Apartemen - 914216515"
498,24.0,0.0,1.0,1.0,15.0,Sleman Kab.,600000000,Di Jual Apartement Melati Yogyakarta dgn pemilik langsung - Dijual: Rumah & Apartemen - 915957110
499,300.0,165.0,5.0,6.0,1.0,Bantul Kab.,3350000000,"Rumah Mewah Modern Full Furnish Di Perum JL. Parangtritis KM. 5,5 - Dijual: Rumah & Apartemen - 919778432"
500,275.0,141.0,6.0,3.0,3.0,Sleman Kab.,1350000000,Rumah Full Furnish Perum Tirto Permai Nogotirto - Dijual: Rumah & Apartemen - 921202729
501,250.0,399.0,5.0,5.0,1.0,Bantul Kab.,3350000000,rumah mewah dalam perumahan fullfurnished jalan parangtritis km1 Jogja - Dijual: Rumah & Apartemen - 916627908
503,189.0,146.0,5.0,3.0,2.0,Bantul Kab.,2200000000,Rumah Hook di Perumahan Elite Pondok Permai Kadipiro - Dijual: Rumah & Apartemen - 918822447
505,36.0,70.0,2.0,1.0,1.0,Bantul Kab.,355000000,dijual rumah di bantul dekat ringroad UMY dan lapangan kasihan jogja - Dijual: Rumah & Apartemen - 919068275
506,30.0,60.0,2.0,1.0,1.0,Bantul Kab.,190000000,"DIJUAL RUMAH MURAH, KASIHAN, BANTUL. LANGSUNG PEMILIK TANPA PERANTARA - Dijual: Rumah & Apartemen - 918055855"
507,350.0,630.0,4.0,3.0,1.0,Bantul Kab.,1800000000,Villa Kolam Renang Luas Dengan Pendopo Joglo - Dijual: Rumah & Apartemen - 921054962
508,140.0,199.0,4.0,4.0,2.0,Sleman Kab.,2200000000,Rumah Mewah Siap Huni Belakng Hotel Hyatt Luas Tnah Bsar Mlati Sleman - Dijual: Rumah & Apartemen - 919218467
509,42.0,108.0,2.0,1.0,1.0,Sleman Kab.,700000000,Rumah Minimalis area Wates - Dijual: Rumah & Apartemen - 921663573
510,69.0,117.0,3.0,1.0,1.0,Sleman Kab.,535000000,rumah lantai dua di jln palagan km 14 / barat uii jln kaliurang - Dijual: Rumah & Apartemen - 921614125
512,95.0,93.0,3.0,2.0,1.0,Bantul Kab.,1100000000,Cluster Scandinavian Bale Abhimanyu Banguntapan - Dijual: Rumah & Apartemen - 920071960
513,72.0,8.0,3.0,2.0,1.0,Bantul Kab.,840000000,Rumah dibanguntapan FREE SHM - Dijual: Rumah & Apartemen - 907437200
515,100.0,102.0,3.0,1.0,2.0,Bantul Kab.,699000000,Dijual Rumah Siap Huni di dekat Ringroad Selatan - Dijual: Rumah & Apartemen - 921753561
517,54.0,90.0,3.0,2.0,1.0,Sleman Kab.,675000000,Rumah siap huni Minimalis Modern - Dijual: Rumah & Apartemen - 921632483
518,200.0,258.0,3.0,2.0,1.0,Bantul Kab.,1700000000,Jual rumah bisa buat home stay kontrakan - Dijual: Rumah & Apartemen - 920276239
519,34.0,30000.0,1.0,1.0,7.0,Sleman Kab.,585000000,Apartemen Mataram City Yogyakarta Arjuna Tower - Dijual: Rumah & Apartemen - 918941058
520,135.0,165.0,4.0,2.0,2.0,Bantul Kab.,2000000000,DIJUAL RUMAH SIAP HUNI JOGJA - Dijual: Rumah & Apartemen - 921186436
521,300.0,228.0,5.0,3.0,2.0,Sleman Kab.,1400000000,Rumah 2 Lantai Dekat UII Universitas Islam Indonesia - Dijual: Rumah & Apartemen - 921162438
523,44.0,0.0,1.0,1.0,15.0,Sleman Kab.,1100000000,Apartement Ready Stock Patraland Amarta Lokasi strategis di sleman - Dijual: Rumah & Apartemen - 917876034
525,127.0,127.0,3.0,2.0,2.0,Sleman Kab.,1500000000,Rumah Dijual Pondok Permai Palagan Full Furnished Fasum Kolam Renang - Dijual: Rumah & Apartemen - 909454911
526,60.0,82.0,2.0,1.0,1.0,Bantul Kab.,540000000,Dijual Rumah di Sewon Bantul - Dijual: Rumah & Apartemen - 914835598
528,34.0,34.0,1.0,1.0,1.0,Sleman Kab.,240000000,Villa Block B Type 34 Semigross - Dijual: Rumah & Apartemen - 917565186
533,45.0,104.0,2.0,1.0,1.0,Sleman Kab.,550000000,Rumah Sleman dijual - Dijual: Rumah & Apartemen - 920505566
538,70.0,107.0,3.0,2.0,2.0,Bantul Kab.,450000000,JUAL RUMAH MURAH DI YOGYAKARTA - Dijual: Rumah & Apartemen - 909463719
543,140.0,246.0,3.0,2.0,1.0,Sleman Kab.,1000000000,Rumah mewah murah - Dijual: Rumah & Apartemen - 921666888
545,45.0,90.0,2.0,1.0,1.0,Sleman Kab.,790000000,villa mewah privat pool SHM selamanya - Dijual: Rumah & Apartemen - 918779955
547,90.0,545.0,1.0,1.0,1.0,Bantul Kab.,1100000000,Dijual Rumah strategis lebar depan 20 meter di argodadi sedayu bantul - Dijual: Rumah & Apartemen - 921128949
548,400.0,850.0,4.0,3.0,1.0,Sleman Kab.,2700000000,"Dijual Rumah Etnik Luas di Jalan Tulung-Pakem, Kalasan, Sleman - Dijual: Rumah & Apartemen - 920775686"
552,25.0,34.0,1.0,1.0,1.0,Sleman Kab.,239000000,timeless Sevilla privat jacuzzi juga ada beach club Lokasi UII area - Dijual: Rumah & Apartemen - 917152557
553,315.0,182.0,4.0,3.0,2.0,Sleman Kab.,2200000000,Cluster New Verania Gamping 5 menit kampus UMY dan RS PKU sleman Yogya - Dijual: Rumah & Apartemen - 921467763
554,110.0,118.0,3.0,1.0,1.0,Bantul Kab.,1100000000,PONDOK PERMAI TAMANTIRTA 2 - Dijual: Rumah & Apartemen - 921117416
557,373.0,573.0,2.0,1.0,1.0,Sleman Kab.,799000000,Rumah Siap Huni Murah - Dijual: Rumah & Apartemen - 920922935
558,80.0,103.0,3.0,2.0,1.0,Sleman Kab.,735000000,DIJUAL RUMAH SIAP HUNI UTARA JOGJABAY STADION MAGUWOHARJO - Dijual: Rumah & Apartemen - 921225662
560,150.0,130.0,3.0,3.0,2.0,Sleman Kab.,1650000000,DIJUAL RUMAH BARU 2 LANTAI MODEL CLASSIC DEKAT BUDI MULIA - Dijual: Rumah & Apartemen - 921711090
561,80.0,152.0,3.0,2.0,1.0,Sleman Kab.,590000000,DIJUAL RUMAH MEWAH MURAH SHM UDARA SEJUK BANGUNAN BARU - Dijual: Rumah & Apartemen - 921218926
562,156.0,200.0,4.0,5.0,2.0,Bantul Kab.,2000000000,RUMAH MEWAH Harga 2M nego! - Dijual: Rumah & Apartemen - 918766389
